<?xml version="1.0" encoding="UTF-8" standalone="yes"?>
<addon id="plugin.video.swango" name="SWAN Go" version="0.1.4" provider-name="janschml">
  <requires>
    <import addon="xbmc.python" version="2.1.0"/>
    <import addon="script.module.requests" version="2.7.0"/>
    <import addon="script.module.dateutil" version="2.8.1"/>
  </requires>
  <extension point="xbmc.python.pluginsource" library="main.py">
		<provides>video</provides>
 </extension>
  <extension point="xbmc.service" library="service.py"/>
  <extension point="xbmc.addon.metadata">
    <summary>SWAN Go</summary>
    <description>Plugin to generate playlist and EPG XML file for Simple client from SWAN Go service</description>
    <description lang="sk">Plugin na generovanie playlistu a EPG XML súboru pre IPTV Simple client pre službu SWAN Go</description>
    <description lang="cz">Plugin pro generování playlistu a EPG XML súboru pro IPTV Simple client pro službu SWAN Go</description>
    <platform>all</platform>

    <news>v0.1.4  (2021-10-18)
      - [FIX] utc to local time in archive
      - Added plot info in live stream</news>
    <news>v0.1.3  (2021-10-15)
      - [FIX] live play
      - When settings for empty user/password, show addon settings
      - When device token isempty, show addon settings
      - Reorganize code, migraying settings to the new format
      - Added search in SwanGO Archive</news>
    <news>v0.1.2  (2021-10-13)
      - added SwanGO archive capatibilities</news>
    <news>v0.1.1  (2021-1-26)
      - upgrade for Kodi 19 (python 3)</news>
    <news>v0.1.0  (2021-1-26)
      - initial release</news>
  </extension>
</addon>
