<?xml version="1.0" encoding="UTF-8"?>
<window>
	<include>Animation_DialogPopupOpenClose</include>
	<depth>DepthDialog+</depth>
    <defaultcontrol>10</defaultcontrol>
	<controls>
		<control type="group">
			<height>400</height>
			<centertop>50%</centertop>
			<centerleft>50%</centerleft>
			<width>915</width>
			<include content="DialogBackgroundCommons">
				<param name="width" value="915" />
				<param name="height" value="380" />
				<param name="header_label" value="" />
				<param name="header_id" value="1" />
			</include>
			<control type="textbox" id="9">
				<left>30</left>
				<top>82</top>
				<width>855</width>
				<height>165</height>
				<label></label>
				<autoscroll time="3000" delay="4000" repeat="5000">true</autoscroll>
			</control>
			<control type="grouplist" id="9000">
				<orientation>horizontal</orientation>
				<left>0</left>
				<top>290</top>
				<width>915</width>
				<align>center</align>
				<include content="DefaultDialogButton">
                    <param name="width" value="180" />
				    <param name="height" value="80" />
					<param name="id" value="10" />
					<param name="label" value="$LOCALIZE[107]" />
                    <onright>11</onright>

				</include>
				<include content="DefaultDialogButton">
                    <param name="width" value="180" />
				    <param name="height" value="80" />
					<param name="id" value="11" />
					<param name="label" value="$LOCALIZE[107] $LOCALIZE[593]" />
                    <onright>12</onright>
                    <onleft>10</onleft>
				</include>
				<include content="DefaultDialogButton">
                    <param name="width" value="180" />
				    <param name="height" value="80" />
					<param name="id" value="12" />
					<param name="label" value="$LOCALIZE[106]" />
                    <onright>13</onright>
                    <onleft>11</onleft>
         
				</include>
                <include content="DefaultDialogButton">
                    <param name="width" value="180" />
				    <param name="height" value="80" />
					<param name="id" value="13" />
					<param name="label" value="$LOCALIZE[106] $LOCALIZE[593]" />
                    <onright>14</onright>
                    <onleft>12</onleft>
				</include>
                <include content="DefaultDialogButton">
                    <param name="width" value="180" />
				    <param name="height" value="80" />
					<param name="id" value="14" />
					<param name="label" value="$LOCALIZE[222]" />
                    <onleft>13</onleft>
				</include>
			</control>
		</control>
	</controls>
</window>
