<?xml version="1.0" encoding="UTF-8"?>
<addon id="kkjan.kkjanius.sk" name="kkjan kodi Repository" version="0.2.1" provider-name="kkjan">
    <extension point="xbmc.addon.repository" name="kkjan kodi Repository">
          <dir minversion="19.0.0">
            <info compressed="false">https://raw.githubusercontent.com/kkjan/kkjan-kodi-repo/main/addons.xml</info>
            <checksum>https://raw.githubusercontent.com/kkjan/kkjan-kodi-repo/main/addons.xml.md5</checksum>
            <datadir zip="true">https://raw.githubusercontent.com/kkjan/kkjan-kodi-repo/main/</datadir>
          </dir>
    </extension>
    <extension point="xbmc.addon.metadata">
        <summary>kkjan Repository</summary>
        <description>A repository of add-ons that kkjan developed for a personal Kodi system</description>
        <disclaimer></disclaimer>
        <news>0.2.1
- kodi 19 and later</news>
        <news>0.1.0
- initial</news>
        <platform>all</platform>
        <language></language>
        <license>GNU GENERAL PUBLIC LICENSE. Version 2, June 1991</license>
        <forum></forum>
        <website></website>
        <source>https://github.com/kkjan/kkjan-kodi-repo-addon</source>
        <email>ja dot schm at gmail dot com</email>
    </extension>
</addon>
