<?xml version="1.0" encoding="UTF-8"?>
<addon id="plugin.video.4ka.tv" name="4KA TV" version="0.1.7~alpha1" provider-name="janschml">
  <requires>
    <import addon="xbmc.python" version="3.0.0" />
    <import addon="script.module.requests" version="2.18.4" />
    <import addon="script.module.dateutil" version="2.8.1" />
    <import addon="script.module.routing" version="0.2.3" />
    <import addon="script.common.plugin.cache" version="2.6.3"/>
    <import addon="script.module.web-pdb" version="1.5.6"/>
  </requires>
  <extension point="xbmc.python.pluginsource" library="main.py">
    <provides>video</provides>
  </extension>
  <extension point="xbmc.service" library="service.py" />
  <extension point="xbmc.python.library" library="libraryfunctions.py" />
  <extension point="xbmc.addon.metadata">
    <summary>4KA TV</summary>
    <description>Plugin to generate playlist and EPG XML file for Simple client from 4KA TV service</description>
    <description lang="sk">Plugin na generovanie playlistu a EPG XML súboru pre IPTV Simple client pre službu 4KA TV</description>
    <description lang="cz">Plugin pro generování playlistu a EPG XML súboru pro IPTV Simple client pro službu 4KA TV</description>
    <platform>all</platform>
    <news>v0.1.7~alpha1 (2023-03-02)
      - Added download from archive and live stream possibility</news>
    <news>v0.1.5~alpha5 (2022-11-20)
      -renname plugin, new name  4KA TV
      - Added IPTV Manager support
      - Use routing module</news>
    <news>v0.1.4  (2021-10-18)
      - [FIX] utc to local time in archive
      - Added plot info in live stream</news>
    <news>v0.1.3  (2021-10-15)
      - [FIX] live play
      - When settings for empty user/password, show addon settings
      - When device token isempty, show addon settings
      - Reorganize code, migraying settings to the new format
      - Added search in SwanGO Archive</news>
    <news>v0.1.2  (2021-10-13)
      - added SwanGO archive capatibilities</news>
    <news>v0.1.1  (2021-1-26)
      - upgrade for Kodi 19 (python 3)</news>
    <news>v0.1.0  (2021-1-26)
      - initial release</news>
    <assets>
      <icon>resources/icon.png</icon>
    </assets>
  </extension>
</addon>